,phrase,label,sentiment,subjectivity,language,count
Queensland,,,,,,
Tamil Nadu,,,,,,
India,,,,,,
Arkansas,,,,,,
Australia,,,,,,
Texas,,,,,,
California,,,,,,
Houston,,,,,,
Southern California,,,,,,
Phoenix,,,,,,
North Island,,,,,,
Oklahoma,,,,,,
Los Angeles,,,,,,
Attica,,,,,,
New South Wales,,,,,,
Brazil,,,,,,
Puducherry,,,,,,
Brisbane,,,,,,
Bengal,,,,,,
Illinois,,,,,,
Maharashtra,,,,,,
Italy,,,,,,
Peninsular Malaysia,,,,,,
West Bengal,,,,,,
North Texas,,,,,,
LOS ANGELES,,,,,,
Arizona,,,,,,
Chennai,,,,,,
New York,,,,,,
U.S.,,,,,,
Punjab,,,,,,
Jammu,,,,,,
Auckland,,,,,,
Sabah,,,,,,
Palm Springs,,,,,,
UK,,,,,,
Adelaide,,,,,,
Harvest Rock,,,,,,
the Southeast Bay,,,,,,
San Luis Obispo County,,,,,,
Ohio,,,,,,
Tennessee,,,,,,
Plains,,,,,,
Andhra,,,,,,
Mississippi,,,,,,
San Diego County,,,,,,
SLO County,,,,,,
Atmospheric river,,,,,,
Himachal,,,,,,
Colorado,,,,,,
Ladakh,,,,,,
Kashmir,,,,,,
NSW,,,,,,
NZ,,,,,,
Whanganui,,,,,,
Kilkenny,,,,,,
Wexford,,,,,,
Wicklow,,,,,,
KUALA LUMPUR,,,,,,
Waterford,,,,,,
Missouri,,,,,,
Gujarat,,,,,,
Western Australia's,,,,,,
Srinagar,,,,,,
Alice Springs,,,,,,
Maricopa County,,,,,,
Joker,,,,,,
Kakinada,,,,,,
Mozambique,,,,,,
Kimberley,,,,,,
Fiordland,,,,,,
Otago,,,,,,
Valley,,,,,,
Pikeville,,,,,,
Western Australia,,,,,,
Langkawi,,,,,,
Brewster County,,,,,,
the Mississippi Valley,,,,,,
Sydney,,,,,,
Alaska,,,,,,
Rio Bonito,,,,,,
Clayton County,,,,,,
Nebraska,,,,,,
North Dakota,,,,,,
Maryland,,,,,,
Istanbul,,,,,,
Mexico,,,,,,
Türkiye,,,,,,
Bay of Bengal,,,,,,
Toronto,,,,,,
Mississippi Valley,,,,,,
Bellevue,,,,,,
Poland,,,,,,
the Leech Lake Band,,,,,,
Vermont,,,,,,
Western Alaska,,,,,,
the Leech Lake Band of Ojibwe,,,,,,
North Carolina,,,,,,
Nordic,,,,,,
Canada,,,,,,
Lake Superior,,,,,,
Ojibwe,,,,,,
the Bronx Burners,,,,,,
the Bay of Bengal,,,,,,
Greater Seattle,,,,,,
Himachal Pradesh,,,,,,
Himalayas,,,,,,
Sarawak,,,,,,
Peninsular M'sia,,,,,,
Idaho Springs,,,,,,
Northland,,,,,,
Ipswich,,,,,,
Brunswick,,,,,,
Alaba,,,,,,
Mobile,,,,,,
Kentucky,,,,,,
the Deep South,,,,,,
Lexington,,,,,,
New York State,,,,,,
LAKE ST. LOUIS,,,,,,
Johor,,,,,,
Qld,,,,,,
Perak,,,,,,
Lake STL,,,,,,
Karaikal,,,,,,
Southern India,,,,,,
Selangor,,,,,,
Britain,,,,,,
the Coachella Valley,,,,,,
Gisborne,,,,,,
Pahang,,,,,,
Bera,,,,,,
Malaysia,,,,,,
the Bay of Plenty,,,,,,
Hawke's Bay,,,,,,
ATLANTA,,,,,,
Hawke’s Bay,,,,,,
South West,,,,,,
the Central Coast,,,,,,
Great Southern,,,,,,
Athens,,,,,,
Southern Canterbury,,,,,,
Alps,,,,,,
the United States,,,,,,
Mo.,,,,,,
HOUSTON,,,,,,
Germany,,,,,,
Melaka,,,,,,
Taup,,,,,,
OzAsia,,,,,,
Aegean,,,,,,
Coachella Valley,,,,,,
Oregon,,,,,,
Northern Cal,,,,,,
Mesa,,,,,,
Scottsdale,,,,,,
Fountain Hills,,,,,,
NWS,,,,,,
Apache Junction,,,,,,
thun,,,,,,
Pacific Palisades,,,,,,
Mandeville Canyon,,,,,,
LA,,,,,,
Typhoon Halong's,,,,,,
Typhoon Halong’s,,,,,,
Ozarks,,,,,,
Casterton,,,,,,
the West Coast,,,,,,
Wakayama Prefecture,,,,,,
Fayetteville,,,,,,
Rayalaseema,,,,,,
Arizona Valley,,,,,,
Glendale,,,,,,
Peoria,,,,,,
the Arizona Valley,,,,,,
New Zealand,,,,,,
the Tasman Sea,,,,,,
Southland,,,,,,
New Jersey,,,,,,
Rajouri,,,,,,
North Bengal,,,,,,
Srinagar city,,,,,,
Western Türkiye,,,,,,
ISTANBUL,,,,,,
Mula,,,,,,
Andhra Pradesh,,,,,,
the Great Lakes region,,,,,,
the Gulf of Mexico,,,,,,
Greece,,,,,,
Louisiana,,,,,,
Vermonta,,,,,,
Delhi,,,,,,
Rajasthan,,,,,,
Mumbai,,,,,,
Pune,,,,,,
China,,,,,,
Yunnan Province,,,,,,
Madhya Pradesh,,,,,,
hai,,,,,,
"1,435.6 hectares",,,,,,
south Kashmir,,,,,,
Warwick,,,,,,
Pratten,,,,,,
Warwic,,,,,,
Santa Teresa,,,,,,
Melbourne,,,,,,
Bernice,,,,,,
Southeast Bay,,,,,,
Kalingapatnam,,,,,,
Kerala,,,,,,
Kununurra,,,,,,
Odisha,,,,,,
the southeast Bay,,,,,,
Kan.,,,,,,
Vic,,,,,,
SA,,,,,,
Victoria,,,,,,
South Australia,,,,,,
Washington,,,,,,
Georgia,,,,,,
Florida,,,,,,
Maine,,,,,,
Southern Plains,,,,,,
Machilipatnam,,,,,,
Labuan,,,,,,
